{"cameraMode":{"drawMode":0,"name":"Shaded","section":"Shading Mode"},"sceneLighting":true,"audioPlay":false,"sceneViewState":{"showFog":true,"showMaterialUpdate":false,"showSkybox":true,"showFlares":true,"showImageEffects":true,"showParticleSystems":true},"in2DMode":false,"pivot":{"x":-4.75,"y":-0.4660000205039978,"z":1.659999966621399},"rotation":{"x":0.015685971826314927,"y":0.9839499592781067,"z":-0.1384691447019577,"w":0.11146388202905655},"size":4.584269046783447,"orthographic":false}